{
  "src": [
    "Sound.webm",
    "Sound.mp3"
  ],
  "sprite": {
    "cup-on-shell": [
      0,
      2246.530612244898
    ],
    "making-coffee": [
      4000,
      6269.387755102041
    ],
    "onOff": [
      12000,
      522.448979591836
    ]
  }
}